business_name,address,category_slug,suburb_slug,contact_email,phone,website,source_url,source_checked_on,verification_status,notes
Northcote Plumbing,"6 Helen Street, Heidelberg West VIC 3081",plumber,northcote,admin@chiversplumbing.com.au,0417 49 59 69,https://www.northcoteplumbing.com.au/,https://www.northcoteplumbing.com.au/,2026-07-14,pending_review,Official business website lists W.L. Chivers Plumbing Pty Ltd with the stated street address and direct contact details; it services Northcote.
Proline Plumbing & Drainage,"116 Albert Street, Preston VIC 3072",plumber,preston,prolinepd@gmail.com,,https://www.proline-plumbing.com.au/,https://www.proline-plumbing.com.au/,2026-07-14,pending_review,Official website lists the stated Preston street address and direct email alongside plumbing and drainage services.
Good Drop Plumbing,"160 High Street, Preston VIC 3071",plumber,preston,info@gooddropplumbing.com,0408 483 211,https://www.gooddropplumbing.com.au/,https://www.gooddropplumbing.com.au/contact,2026-07-14,pending_review,Official contact page lists the stated Preston street address with direct email and phone.
EES Electrics Pty Ltd,"286 Dundas Street, Thornbury VIC 3071",electrician,thornbury,elvisjnr@eeselectrics.com.au,0409 688 801,https://www.eeselectrics.com.au/,https://www.eeselectrics.com.au/contact,2026-07-14,pending_review,Official contact page lists the stated Thornbury street address with direct email and phone.
Northcote Plumbing & Gas,"130 Westbourne Grove, Northcote VIC 3070",plumber,northcote,info@northcoteplumbingandgas.com.au,0411 393 766,https://www.northcoteplumbingandgas.com.au/,https://www.northcoteplumbingandgas.com.au/contact,2026-07-14,pending_review,Official contact page lists direct phone and email; the official page metadata lists the stated Northcote street address.
Stuart Scott Plumbing,"1D/2 Wingrove Street, Alphington VIC 3070",plumber,northcote,info@ssplumbingdc.com.au,0418 555 804,https://www.stuartscottplumbing.com/,https://www.stuartscottplumbing.com/contact/,2026-07-14,pending_review,Official contact page lists the stated Alphington street address with direct email and phone; its Northcote service page supports the assigned service area.
GEPD,"22 San Leandro, Reservoir VIC 3073",electrician,thornbury,george@gepd.com.au,0421 733 391,https://gepdmelbourne.com.au/,https://gepdmelbourne.com.au/contact/,2026-07-14,pending_review,Official contact page metadata lists the stated Reservoir street address with direct email and phone; its Thornbury service page supports the assigned service area.
Smart Plumbing,"Unit 5/380 Somerville Road, West Footscray VIC 3012",plumber,northcote,info@smartplumbing.net.au,03 9361 1827,https://www.smartplumbing.net.au/,https://www.smartplumbing.net.au/contact,2026-07-14,pending_review,Official contact page lists the stated West Footscray street address with direct email and phone; its Northcote service page supports the assigned service area.
Zebra Plumbing,"L3/534 Church St, Richmond, VIC, Australia",plumber,northcote,,1300 033 468,https://zebraplumbing.com.au/,https://zebraplumbing.com.au/locations/northcote-plumber/,2026-07-14,pending_review,Official Northcote location page confirms 24/7 plumbing services.
